Place URL,Place Name,Star Rating,Number of Ratings,Place Type,Cost (if applicable),Address,Number,Availability
https://www.facebook.com/pages/Broadway-Orthotic-Shoe-Company/133105583380759,Broadway Orthotic & Shoe Company,,,Shoe Store,,"561 Broadway, Winnipeg, Manitoba",(204) 775-3668,Opens Monday
https://www.facebook.com/dralisonbremner/,The Specific Chiropractic Center - Boulder,4.9,35,Chiropractor,$$$,"2305 Canyon Blvd, Ste 102",+1 303-442-5911,Opens tomorrow
https://www.facebook.com/TheJointArvadaNorth/,The Joint Chiropractic,4.8,13,Chiropractor,$$,"7957 Wadsworth Blvd, Arvada, Colorado",+1 303-467-7749,Opens tomorrow
https://www.facebook.com/VBLOSCABOS/,Vital-Balance,4.6,9,Chiropractor,$$,"Carretera Transpeninsular Kilómetro 24.5, Cerro Colorado, Los Cabos Municipality",+52 624 172 6448,Opens tomorrow
https://www.facebook.com/thebackdocs/,Chiropractic Plus,4.2,37,Chiropractor,,"550 Thornton Pkwy, Unit 178",+1 303-254-8430,Opens tomorrow
https://www.facebook.com/ClaneChiropractic/,Clane Chiropractic,5.0,14,Chiropractor,,"Main Street, Clane",+353 45 838 691,Opens at 9:00am
https://www.facebook.com/FruitaChiropracticAndMassage/,Fruita Chiropractic and Massage,5.0,40,Chiropractor,$,"122 E Aspen Ave, Unit A, Fruita, Colorado",+1 970-639-9730,Opens Monday
https://www.facebook.com/BackTalkSystems/,"Back Talk Systems, Inc.",5.0,14,Chiropractor,,"231 Violet St, Ste 140, Golden, Colorado",+1 800-937-3113,Opens Monday
https://www.facebook.com/spinegeek/,Spine Geek,4.9,31,Chiropractor,,"10673 Melody Dr, Northglenn, Colorado",+1 303-457-8080,Opens tomorrow
https://www.facebook.com/DayChiropracticAndRehab/,Day Chiropractic & Rehab,5.0,37,Chiropractor,,"8170 S. University Blvd, # 220, Centennial, Colorado",+1 720-579-8620,Opens Tuesday
https://www.facebook.com/purechiroadjustments/,Pure Chiropractic 720-573-3157,5.0,19,Chiropractor,,8996 W Bowles Ave,+1 720-573-3157,
https://www.facebook.com/DenverUpperCervicalChiropractic/,Denver Upper Cervical Chiropractic,5.0,27,Chiropractor,,"400 S Colorado Blvd, Suite 430",+1 303-955-8270,Opens Monday
https://www.facebook.com/backinaflashchiropracticandmassage/,Back in a Flash Chiropractic & Massage,5.0,59,Chiropractor,$,1940 Pennsylvania St,+1 720-459-8934,Opens tomorrow
https://www.facebook.com/drgwolfe/,Wolfe Chiropractic & Functional Medicine 303-447-2225,5.0,36,Chiropractor,,933 Alpine Ave.,+1 303-447-2225,Opens Monday
https://www.facebook.com/LoTurcoChiropracticGroup/,LoTurco Chiropractic Group,5.0,21,Chiropractor,,255 Union Blvd. Suite 330,+1 720-476-5121,Opens tomorrow
https://www.facebook.com/AmplifyChiro/,Amplify Chiropractic,5.0,48,Chiropractor,,8601 W Cross Dr.,+1 720-583-4686,Opens Monday
https://www.facebook.com/naturallychiro/,Naturally Chiropractic P.C.,5.0,35,Chiropractor,,"10233 S Parker Rd, Ste 300",+1 303-841-7091,Opens Monday
https://www.facebook.com/thrivefortcollins/,Thrive Chiropractic,5.0,21,Chiropractor,,2721 S College Ave,+1 970-988-6756,Opens tomorrow
https://www.facebook.com/www.trueformchiropractic/,True Form Chiropractic,5.0,22,Chiropractor,,"3955 E Exposition Avenue, Suite 206",+1 866-308-9749,Opens Monday
https://www.facebook.com/CTChiropracticAurora/,CT Chiropractic Wellness Center,5.0,27,Chiropractor,,"6040 S Gun Club Rd, Units G1",+1 303-690-8471,Opens Monday
https://www.facebook.com/TheProfitablePracticeCreator/,The Profitable Practice Creator,,,Chiropractor,,,+1 949-305-2072,
https://www.facebook.com/BelmarChiro/,Belmar Chiropractic - 303.233.1236,5.0,28,Chiropractor,$$,"1057 S Wadsworth Blvd, Ste 40",+1 303-233-1236,Opens Monday
https://www.facebook.com/RevolutionCHIROS/,"Revolution Chiropractic, Inc.",5.0,34,Chiropractor,$$$,8410 Wadsworth Blvd Unit A,+1 303-284-9875,Opens Monday
https://www.facebook.com/gatewayfamilychiro/,Gateway Family Chiropractic,5.0,30,Chiropractor,$$,290 E. 25th Street,+1 970-669-7620,Opens tomorrow
https://www.facebook.com/brightenyourfamily/,Bright Light Chiropractic,5.0,15,Chiropractor,,2670 E County Line Rd Suite K,+1 720-583-4506,
https://www.facebook.com/maximizedhealth/,Maximized Health Chiropractic 303.462.4476,4.8,37,Chiropractor,,"7384 S Alton Way, Ste 102",+1 303-462-4476,
https://www.facebook.com/rimrockwellnesscenter/,Rimrock Wellness Center,4.8,64,Chiropractor,$$,"2695 Patterson Rd, Ste 3",+1 970-243-1388,Opens Monday
https://www.facebook.com/GrandJunctionChiropracticCenter/,Grand Junction Chiropractic Center,4.8,16,Chiropractor,$$$$,1916 N 12th St Ste F,+1 970-241-1199,Opens tomorrow
https://www.facebook.com/plechiropractic/,PLE Chiropractic,5.0,17,Chiropractor,,2727 North Cascade Ave Suite 180,+1 719-301-9989,Opens Monday
https://www.facebook.com/100percentchiropracticfortcollins/,100% Chiropractic Fort Collins,5.0,15,Chiropractor,,4532 McMurry Ave Unit 120,+1 970-294-4150,Opens Monday
https://www.facebook.com/CastleRockChiropractic/,Dickason Chiropractic PC,5.0,66,Chiropractor,$$,140 S Wilcox St,+1 303-688-2300,Opens tomorrow
https://www.facebook.com/NewBeginningschirodc/,New Beginnings Chiropractic,5.0,38,Chiropractor,,1215 Main St.,+1 970-372-5101,Opens Monday
https://www.facebook.com/ChiropractorLongmont/,New Leaf Chiropractic Longmont - 303•776•6767,4.9,49,Chiropractor,,600 S Airport Rd,+1 303-776-6767,
https://www.facebook.com/Functional-Medicine-Center-of-Fort-Collins-185937494783037/,Functional Medicine Center of Fort Collins,4.9,21,Chiropractor,,110 W Harvard St,+1 970-282-1173,Opens Monday
https://www.facebook.com/thebestchiropractorincolorado/,Restoration Chiropractic,5.0,9,Chiropractor,,Temporary Location:      4344 Woodlands Blvd. Suite 160,+1 720-893-2225,Opens Monday
https://www.facebook.com/AtlasSpecific/,Atlas Specific: Upper Cervical Chiropractic,5.0,20,Chiropractor,,1800 E 3rd Ave,+1 970-259-6803,Opens Monday
https://www.facebook.com/Heuser-Chiropractic-North-301944203508454/,Heuser Chiropractic North,4.1,14,Chiropractor,,6120 Barnes Rd.,+1 719-550-1234,Opens Monday
https://www.facebook.com/DenverChiropracticLLC/,"Denver Chiropractic, LLC",4.9,58,Chiropractor,$$,"3890 Federal Blvd, Unit 1",+1 303-455-2225,Opens tomorrow
https://www.facebook.com/Chirotitan/,Titan Chiropractic,5.0,12,Chiropractor,$,2209 W. Wildcat Rsv. Pkwy. E-3,+1 720-515-9683,Opens Monday
https://www.facebook.com/RenewChiropractic1/,Renew Chiropractic,5.0,15,Chiropractor,,8015 West Alameda Avenue #270,+1 720-493-5885,Closes in 45 minutes
https://www.facebook.com/TheAdjustatorium/,The Adjustatorium,5.0,22,Chiropractor,,"1035 Pearl Street, Suite 334",+1 720-778-6929,Opens Monday
https://www.facebook.com/truebility/,Truebility Performance Clinic,5.0,21,Chiropractor,,2883 28th St Ste A,+1 303-442-4202,Opens Monday
https://www.facebook.com/denversouthchiropractor/,Denver South Chiropractic & Rehab,4.6,25,Chiropractor,$$,"1780 S Bellaire St, Ste 120",+1 303-757-7272,Opens tomorrow
https://www.facebook.com/DenverSportsMedicine/,Denver Sports Medicine,5.0,47,Chiropractor,,1360 S Wadsworth Blvd,+1 720-440-3979,Opens tomorrow
https://www.facebook.com/denversportsdoc/,Denver Sports Doc,5.0,20,Chiropractor,,3993 Elati St,+1 303-994-0301,Opens Monday
https://www.facebook.com/radixchiro/,Rādix Chiropractic,5.0,23,Chiropractor,$$,4347 Integrity Center Pt,+1 719-573-1007,Opens Monday
https://www.facebook.com/RowenhorstFamilyChiropractic/,Rowenhorst Family Chiropractic,5.0,20,Chiropractor,,"77 Erie Village Sq, Ste 150",+1 720-600-4661,Opens Monday
https://www.facebook.com/HighlandsRanchChiropractor/,Premier Chiropractic & Natural Medicine - Highlands Ranch Chiropractor,4.5,35,Chiropractor,,4004 Red Cedar Dr Unit C2,+1 303-346-4949,Opens Monday
https://www.facebook.com/Parkerperformanceclinic/,Parker Performance Clinic,5.0,20,Chiropractor,$$,10490 Dransfeldt Rd #100,+1 720-277-3808,Opens Monday
https://www.facebook.com/100percentchiropracticaurora/,100% Chiropractic Aurora,5.0,9,Chiropractor,,14261 E Cedar Ave Unit B,+1 303-367-3432,Opens Monday
https://www.facebook.com/GradyChiropractic/,Grady Chiropractic & Acupuncture,4.9,27,Chiropractor,,15352 E Ida Dr,+1 303-690-8822,Opens Monday
https://www.facebook.com/wholehealthspgs/,Whole Health Chiropractic,5.0,15,Chiropractor,,1779A S 8th St,Opens tomorrow,
https://www.facebook.com/pages/Broadway-Orthotic-Shoe-Company/133105583380759,Broadway Orthotic & Shoe Company,,,Shoe Store,,"561 Broadway, Winnipeg, Manitoba",(204) 775-3668,Opens Monday
https://www.facebook.com/dralisonbremner/,The Specific Chiropractic Center - Boulder,4.9,35,Chiropractor,$$$,"2305 Canyon Blvd, Ste 102",+1 303-442-5911,Opens tomorrow
https://www.facebook.com/TheJointArvadaNorth/,The Joint Chiropractic,4.8,13,Chiropractor,$$,"7957 Wadsworth Blvd, Arvada, Colorado",+1 303-467-7749,Opens tomorrow
https://www.facebook.com/VBLOSCABOS/,Vital-Balance,4.6,9,Chiropractor,$$,"Carretera Transpeninsular Kilómetro 24.5, Cerro Colorado, Los Cabos Municipality",+52 624 172 6448,Opens tomorrow
https://www.facebook.com/thebackdocs/,Chiropractic Plus,4.2,37,Chiropractor,,"550 Thornton Pkwy, Unit 178",+1 303-254-8430,Opens tomorrow
https://www.facebook.com/ClaneChiropractic/,Clane Chiropractic,5.0,14,Chiropractor,,"Main Street, Clane",+353 45 838 691,Opens at 9:00am
https://www.facebook.com/FruitaChiropracticAndMassage/,Fruita Chiropractic and Massage,5.0,40,Chiropractor,$,"122 E Aspen Ave, Unit A, Fruita, Colorado",+1 970-639-9730,Opens Monday
https://www.facebook.com/BackTalkSystems/,"Back Talk Systems, Inc.",5.0,14,Chiropractor,,"231 Violet St, Ste 140, Golden, Colorado",+1 800-937-3113,Opens Monday
https://www.facebook.com/spinegeek/,Spine Geek,4.9,31,Chiropractor,,"10673 Melody Dr, Northglenn, Colorado",+1 303-457-8080,Opens tomorrow
https://www.facebook.com/DayChiropracticAndRehab/,Day Chiropractic & Rehab,5.0,37,Chiropractor,,"8170 S. University Blvd, # 220, Centennial, Colorado",+1 720-579-8620,Opens Tuesday
https://www.facebook.com/purechiroadjustments/,Pure Chiropractic 720-573-3157,5.0,19,Chiropractor,,8996 W Bowles Ave,+1 720-573-3157,
https://www.facebook.com/DenverUpperCervicalChiropractic/,Denver Upper Cervical Chiropractic,5.0,27,Chiropractor,,"400 S Colorado Blvd, Suite 430",+1 303-955-8270,Opens Monday
https://www.facebook.com/backinaflashchiropracticandmassage/,Back in a Flash Chiropractic & Massage,5.0,59,Chiropractor,$,1940 Pennsylvania St,+1 720-459-8934,Opens tomorrow
https://www.facebook.com/drgwolfe/,Wolfe Chiropractic & Functional Medicine 303-447-2225,5.0,36,Chiropractor,,933 Alpine Ave.,+1 303-447-2225,Opens Monday
https://www.facebook.com/LoTurcoChiropracticGroup/,LoTurco Chiropractic Group,5.0,21,Chiropractor,,255 Union Blvd. Suite 330,+1 720-476-5121,Opens tomorrow
https://www.facebook.com/AmplifyChiro/,Amplify Chiropractic,5.0,48,Chiropractor,,8601 W Cross Dr.,+1 720-583-4686,Opens Monday
https://www.facebook.com/naturallychiro/,Naturally Chiropractic P.C.,5.0,35,Chiropractor,,"10233 S Parker Rd, Ste 300",+1 303-841-7091,Opens Monday
https://www.facebook.com/thrivefortcollins/,Thrive Chiropractic,5.0,21,Chiropractor,,2721 S College Ave,+1 970-988-6756,Opens tomorrow
https://www.facebook.com/www.trueformchiropractic/,True Form Chiropractic,5.0,22,Chiropractor,,"3955 E Exposition Avenue, Suite 206",+1 866-308-9749,Opens Monday
https://www.facebook.com/CTChiropracticAurora/,CT Chiropractic Wellness Center,5.0,27,Chiropractor,,"6040 S Gun Club Rd, Units G1",+1 303-690-8471,Opens Monday
https://www.facebook.com/TheProfitablePracticeCreator/,The Profitable Practice Creator,,,Chiropractor,,,+1 949-305-2072,
https://www.facebook.com/BelmarChiro/,Belmar Chiropractic - 303.233.1236,5.0,28,Chiropractor,$$,"1057 S Wadsworth Blvd, Ste 40",+1 303-233-1236,Opens Monday
https://www.facebook.com/RevolutionCHIROS/,"Revolution Chiropractic, Inc.",5.0,34,Chiropractor,$$$,8410 Wadsworth Blvd Unit A,+1 303-284-9875,Opens Monday
https://www.facebook.com/gatewayfamilychiro/,Gateway Family Chiropractic,5.0,30,Chiropractor,$$,290 E. 25th Street,+1 970-669-7620,Opens tomorrow
https://www.facebook.com/brightenyourfamily/,Bright Light Chiropractic,5.0,15,Chiropractor,,2670 E County Line Rd Suite K,+1 720-583-4506,
https://www.facebook.com/maximizedhealth/,Maximized Health Chiropractic 303.462.4476,4.8,37,Chiropractor,,"7384 S Alton Way, Ste 102",+1 303-462-4476,
https://www.facebook.com/rimrockwellnesscenter/,Rimrock Wellness Center,4.8,64,Chiropractor,$$,"2695 Patterson Rd, Ste 3",+1 970-243-1388,Opens Monday
https://www.facebook.com/GrandJunctionChiropracticCenter/,Grand Junction Chiropractic Center,4.8,16,Chiropractor,$$$$,1916 N 12th St Ste F,+1 970-241-1199,Opens tomorrow
https://www.facebook.com/plechiropractic/,PLE Chiropractic,5.0,17,Chiropractor,,2727 North Cascade Ave Suite 180,+1 719-301-9989,Opens Monday
https://www.facebook.com/100percentchiropracticfortcollins/,100% Chiropractic Fort Collins,5.0,15,Chiropractor,,4532 McMurry Ave Unit 120,+1 970-294-4150,Opens Monday
https://www.facebook.com/CastleRockChiropractic/,Dickason Chiropractic PC,5.0,66,Chiropractor,$$,140 S Wilcox St,+1 303-688-2300,Opens tomorrow
https://www.facebook.com/NewBeginningschirodc/,New Beginnings Chiropractic,5.0,38,Chiropractor,,1215 Main St.,+1 970-372-5101,Opens Monday
https://www.facebook.com/ChiropractorLongmont/,New Leaf Chiropractic Longmont - 303•776•6767,4.9,49,Chiropractor,,600 S Airport Rd,+1 303-776-6767,
https://www.facebook.com/Functional-Medicine-Center-of-Fort-Collins-185937494783037/,Functional Medicine Center of Fort Collins,4.9,21,Chiropractor,,110 W Harvard St,+1 970-282-1173,Opens Monday
https://www.facebook.com/thebestchiropractorincolorado/,Restoration Chiropractic,5.0,9,Chiropractor,,Temporary Location:      4344 Woodlands Blvd. Suite 160,+1 720-893-2225,Opens Monday
https://www.facebook.com/AtlasSpecific/,Atlas Specific: Upper Cervical Chiropractic,5.0,20,Chiropractor,,1800 E 3rd Ave,+1 970-259-6803,Opens Monday
https://www.facebook.com/Heuser-Chiropractic-North-301944203508454/,Heuser Chiropractic North,4.1,14,Chiropractor,,6120 Barnes Rd.,+1 719-550-1234,Opens Monday
https://www.facebook.com/DenverChiropracticLLC/,"Denver Chiropractic, LLC",4.9,58,Chiropractor,$$,"3890 Federal Blvd, Unit 1",+1 303-455-2225,Opens tomorrow
https://www.facebook.com/Chirotitan/,Titan Chiropractic,5.0,12,Chiropractor,$,2209 W. Wildcat Rsv. Pkwy. E-3,+1 720-515-9683,Opens Monday
https://www.facebook.com/RenewChiropractic1/,Renew Chiropractic,5.0,15,Chiropractor,,8015 West Alameda Avenue #270,+1 720-493-5885,Closes in 45 minutes
https://www.facebook.com/TheAdjustatorium/,The Adjustatorium,5.0,22,Chiropractor,,"1035 Pearl Street, Suite 334",+1 720-778-6929,Opens Monday
https://www.facebook.com/truebility/,Truebility Performance Clinic,5.0,21,Chiropractor,,2883 28th St Ste A,+1 303-442-4202,Opens Monday
https://www.facebook.com/denversouthchiropractor/,Denver South Chiropractic & Rehab,4.6,25,Chiropractor,$$,"1780 S Bellaire St, Ste 120",+1 303-757-7272,Opens tomorrow
https://www.facebook.com/DenverSportsMedicine/,Denver Sports Medicine,5.0,47,Chiropractor,,1360 S Wadsworth Blvd,+1 720-440-3979,Opens tomorrow
https://www.facebook.com/denversportsdoc/,Denver Sports Doc,5.0,20,Chiropractor,,3993 Elati St,+1 303-994-0301,Opens Monday
https://www.facebook.com/radixchiro/,Rādix Chiropractic,5.0,23,Chiropractor,$$,4347 Integrity Center Pt,+1 719-573-1007,Opens Monday
https://www.facebook.com/RowenhorstFamilyChiropractic/,Rowenhorst Family Chiropractic,5.0,20,Chiropractor,,"77 Erie Village Sq, Ste 150",+1 720-600-4661,Opens Monday
https://www.facebook.com/HighlandsRanchChiropractor/,Premier Chiropractic & Natural Medicine - Highlands Ranch Chiropractor,4.5,35,Chiropractor,,4004 Red Cedar Dr Unit C2,+1 303-346-4949,Opens Monday
https://www.facebook.com/Parkerperformanceclinic/,Parker Performance Clinic,5.0,20,Chiropractor,$$,10490 Dransfeldt Rd #100,+1 720-277-3808,Opens Monday
https://www.facebook.com/100percentchiropracticaurora/,100% Chiropractic Aurora,5.0,9,Chiropractor,,14261 E Cedar Ave Unit B,+1 303-367-3432,Opens Monday
https://www.facebook.com/GradyChiropractic/,Grady Chiropractic & Acupuncture,4.9,27,Chiropractor,,15352 E Ida Dr,+1 303-690-8822,Opens Monday
https://www.facebook.com/wholehealthspgs/,Whole Health Chiropractic,5.0,15,Chiropractor,,1779A S 8th St,Opens tomorrow,
https://www.facebook.com/gradyfamchiro/,Grady Family Chiropractic P.C.,5.0,21,Chiropractor,,26 W Dry Creek Circle Suite 600,+1 720-523-1293,Opens Monday
https://www.facebook.com/DrHelie/,Helie Chiropractic,4.9,19,Chiropractor,,"1885 W 120th Ave, # 500",+1 720-737-9573,Opens tomorrow
https://www.facebook.com/awakenchiroco/,Awaken Chiropractic,5.0,12,Chiropractor,,6208 E Pine ln,+1 720-432-5224,Opens Monday
https://www.facebook.com/mountainvalleyml/,Mountain Valley Family Chiropractic,5.0,14,Chiropractor,,"115 E Harmony Rd, Ste 200",+1 970-568-8024,Opens Monday
https://www.facebook.com/rejuvinnatechiropractic/,RejuvInnate Family Chiropractic,5.0,21,Chiropractor,,"7300 S Alton Way, Ste 5K",+1 303-975-6523,Opens tomorrow
https://www.facebook.com/vitalitywellnessstudio/,Vitality Wellness Studio,5.0,28,Chiropractor,,18 Garden Center,+1 708-374-3726,Open Now
https://www.facebook.com/barneschirocolorado/,Barnes Chiropractic,5.0,30,Chiropractor,,"6881 S Holly Cir, Ste 204",+1 720-985-0056,Opens Monday
https://www.facebook.com/kloorchiro/,Kloor Chiropractic & Wellness Center,4.7,28,Chiropractor,,7590 Sheridan Blvd,+1 303-426-1500,Opens tomorrow
https://www.facebook.com/Hassefamilychiropractic/,Hasse Family Chiropractic,4.9,26,Chiropractor,,"710 Kipling St, Ste 401",+1 303-304-1352,Opens Monday
https://www.facebook.com/digneyfamilychiropractic/,Digney Family Chiropractic,5.0,4,Chiropractor,,4190 N. Garfield Ave. #3,+1 970-541-0402,Opens Monday
https://www.facebook.com/ScottFamilyHealth/,Scott Family Health,4.6,44,Chiropractor,$$,1491 Denver Ave,+1 970-663-2225,Opens tomorrow
https://www.facebook.com/DrSteffensStapleton/,Dr. John Steffens- Stapleton Chiropractor,4.8,26,Chiropractor,$$,"3401 Quebec St, Ste 6700",+1 303-377-6137,Opens tomorrow
https://www.facebook.com/FreedomChiropractic/,Freedom Chiropractic,4.8,30,Chiropractor,,6210 Lehman Dr,+1 719-533-0303,Opens Monday
https://www.facebook.com/tvchiro/,"Thompson Valley Chiropractic, PC.",5.0,46,Chiropractor,,2180 W Eisenhower Blvd,+1 970-203-0597,Opens Monday
https://www.facebook.com/CoorWellness/,COOR Wellness,5.0,22,Chiropractor,,2140 N 12th Street,+1 970-712-6059,Opens Monday
https://www.facebook.com/integratedhealthsystems/,Integrated Health Systems,4.8,20,Chiropractor,,"3601 S Clarkson St, Ste 420",+1 303-781-5617,Opens Monday
https://www.facebook.com/activeperformchiro/,Active Performance Chiropractic LLC,5.0,31,Chiropractor,,6850 W 116th Ave,+1 720-984-1680,Opens tomorrow
https://www.facebook.com/OrganicLivingChiropractic/,Organic Living Chiropractic,5.0,20,Chiropractor,,1618 W Colorado Ave,+1 719-200-8615,Opens tomorrow
https://www.facebook.com/GoRevelation/,Revelation Chiropractic 970-377-2250,4.9,33,Chiropractor,,2721 S College Ave,+1 970-377-2250,Opens tomorrow
https://www.facebook.com/AtlasMedCenters/,Atlas Medical Center,,,Chiropractor,,"9362 Grand Cordera Parkway, Ste 120",+1 719-278-3612,Opens Monday
https://www.facebook.com/HighlandsSportandSpine/,Highlands Sport and Spine,5.0,18,Chiropractor,,3801 Osage St,+1 303-955-5994,Opens Monday
https://www.facebook.com/LovelandChiropracticAlign/,Align,4.9,47,Chiropractor,,4190 N Garfield Ave # 2,+1 970-663-2273,Opens Monday
https://www.facebook.com/connectedchiro/,Connected Chiropractic,4.6,23,Chiropractor,,32 Rutherford Ave,+1 970-587-7029,Opens Monday
https://www.facebook.com/pediatricchiropractordenver/,Pediatric Chiropractor Denver - Pearl Street Chiropractic,5.0,50,Chiropractor,$$,1073 S Pearl St,+1 303-777-0828,Opens Monday
https://www.facebook.com/pages/Broadway-Orthotic-Shoe-Company/133105583380759,Broadway Orthotic & Shoe Company,,,Shoe Store,,"561 Broadway, Winnipeg, Manitoba",(204) 775-3668,Opens Monday
https://www.facebook.com/dralisonbremner/,The Specific Chiropractic Center - Boulder,4.9,35,Chiropractor,$$$,"2305 Canyon Blvd, Ste 102",+1 303-442-5911,Opens tomorrow
https://www.facebook.com/TheJointArvadaNorth/,The Joint Chiropractic,4.8,13,Chiropractor,$$,"7957 Wadsworth Blvd, Arvada, Colorado",+1 303-467-7749,Opens tomorrow
https://www.facebook.com/VBLOSCABOS/,Vital-Balance,4.6,9,Chiropractor,$$,"Carretera Transpeninsular Kilómetro 24.5, Cerro Colorado, Los Cabos Municipality",+52 624 172 6448,Opens tomorrow
https://www.facebook.com/thebackdocs/,Chiropractic Plus,4.2,37,Chiropractor,,"550 Thornton Pkwy, Unit 178",+1 303-254-8430,Opens tomorrow
https://www.facebook.com/ClaneChiropractic/,Clane Chiropractic,5.0,14,Chiropractor,,"Main Street, Clane",+353 45 838 691,Opens at 9:00am
https://www.facebook.com/FruitaChiropracticAndMassage/,Fruita Chiropractic and Massage,5.0,40,Chiropractor,$,"122 E Aspen Ave, Unit A, Fruita, Colorado",+1 970-639-9730,Opens Monday
https://www.facebook.com/BackTalkSystems/,"Back Talk Systems, Inc.",5.0,14,Chiropractor,,"231 Violet St, Ste 140, Golden, Colorado",+1 800-937-3113,Opens Monday
https://www.facebook.com/spinegeek/,Spine Geek,4.9,31,Chiropractor,,10673 Melody Dr,+1 303-457-8080,Opens tomorrow
https://www.facebook.com/DayChiropracticAndRehab/,Day Chiropractic & Rehab,5.0,37,Chiropractor,,"8170 S. University Blvd, # 220, Centennial, Colorado",+1 720-579-8620,Opens Tuesday
https://www.facebook.com/purechiroadjustments/,Pure Chiropractic 720-573-3157,5.0,19,Chiropractor,,8996 W Bowles Ave,+1 720-573-3157,
https://www.facebook.com/DenverUpperCervicalChiropractic/,Denver Upper Cervical Chiropractic,5.0,27,Chiropractor,,"400 S Colorado Blvd, Suite 430",+1 303-955-8270,Opens Monday
https://www.facebook.com/backinaflashchiropracticandmassage/,Back in a Flash Chiropractic & Massage,5.0,59,Chiropractor,$,1940 Pennsylvania St,+1 720-459-8934,Opens tomorrow
https://www.facebook.com/drgwolfe/,Wolfe Chiropractic & Functional Medicine 303-447-2225,5.0,36,Chiropractor,,933 Alpine Ave.,+1 303-447-2225,Opens Monday
https://www.facebook.com/LoTurcoChiropracticGroup/,LoTurco Chiropractic Group,5.0,21,Chiropractor,,255 Union Blvd. Suite 330,+1 720-476-5121,Opens tomorrow
https://www.facebook.com/AmplifyChiro/,Amplify Chiropractic,5.0,48,Chiropractor,,8601 W Cross Dr.,+1 720-583-4686,Opens Monday
https://www.facebook.com/naturallychiro/,Naturally Chiropractic P.C.,5.0,35,Chiropractor,,"10233 S Parker Rd, Ste 300",+1 303-841-7091,Opens Monday
https://www.facebook.com/thrivefortcollins/,Thrive Chiropractic,5.0,21,Chiropractor,,2721 S College Ave,+1 970-988-6756,Opens tomorrow
https://www.facebook.com/www.trueformchiropractic/,True Form Chiropractic,5.0,22,Chiropractor,,"3955 E Exposition Avenue, Suite 206",+1 866-308-9749,Opens Monday
https://www.facebook.com/CTChiropracticAurora/,CT Chiropractic Wellness Center,5.0,27,Chiropractor,,"6040 S Gun Club Rd, Units G1",+1 303-690-8471,Opens Monday
https://www.facebook.com/TheProfitablePracticeCreator/,The Profitable Practice Creator,,,Chiropractor,,,+1 949-305-2072,
https://www.facebook.com/BelmarChiro/,Belmar Chiropractic - 303.233.1236,5.0,28,Chiropractor,$$,"1057 S Wadsworth Blvd, Ste 40",+1 303-233-1236,Opens Monday
https://www.facebook.com/RevolutionCHIROS/,"Revolution Chiropractic, Inc.",5.0,34,Chiropractor,$$$,8410 Wadsworth Blvd Unit A,+1 303-284-9875,Opens Monday
https://www.facebook.com/gatewayfamilychiro/,Gateway Family Chiropractic,5.0,30,Chiropractor,$$,290 E. 25th Street,+1 970-669-7620,Opens tomorrow
https://www.facebook.com/brightenyourfamily/,Bright Light Chiropractic,5.0,15,Chiropractor,,2670 E County Line Rd Suite K,+1 720-583-4506,
https://www.facebook.com/maximizedhealth/,Maximized Health Chiropractic 303.462.4476,4.8,37,Chiropractor,,"7384 S Alton Way, Ste 102",+1 303-462-4476,
https://www.facebook.com/rimrockwellnesscenter/,Rimrock Wellness Center,4.8,64,Chiropractor,$$,"2695 Patterson Rd, Ste 3",+1 970-243-1388,Opens Monday
https://www.facebook.com/GrandJunctionChiropracticCenter/,Grand Junction Chiropractic Center,4.8,16,Chiropractor,$$$$,1916 N 12th St Ste F,+1 970-241-1199,Opens tomorrow
https://www.facebook.com/plechiropractic/,PLE Chiropractic,5.0,17,Chiropractor,,2727 North Cascade Ave Suite 180,+1 719-301-9989,Opens Monday
https://www.facebook.com/100percentchiropracticfortcollins/,100% Chiropractic Fort Collins,5.0,15,Chiropractor,,4532 McMurry Ave Unit 120,+1 970-294-4150,Opens Monday
https://www.facebook.com/CastleRockChiropractic/,Dickason Chiropractic PC,5.0,66,Chiropractor,$$,140 S Wilcox St,+1 303-688-2300,Opens tomorrow
https://www.facebook.com/NewBeginningschirodc/,New Beginnings Chiropractic,5.0,38,Chiropractor,,1215 Main St.,+1 970-372-5101,Opens Monday
https://www.facebook.com/ChiropractorLongmont/,New Leaf Chiropractic Longmont - 303•776•6767,4.9,49,Chiropractor,,600 S Airport Rd,+1 303-776-6767,
https://www.facebook.com/Functional-Medicine-Center-of-Fort-Collins-185937494783037/,Functional Medicine Center of Fort Collins,4.9,21,Chiropractor,,110 W Harvard St,+1 970-282-1173,Opens Monday
https://www.facebook.com/thebestchiropractorincolorado/,Restoration Chiropractic,5.0,9,Chiropractor,,Temporary Location:      4344 Woodlands Blvd. Suite 160,+1 720-893-2225,Opens Monday
https://www.facebook.com/AtlasSpecific/,Atlas Specific: Upper Cervical Chiropractic,5.0,20,Chiropractor,,1800 E 3rd Ave,+1 970-259-6803,Opens Monday
https://www.facebook.com/Heuser-Chiropractic-North-301944203508454/,Heuser Chiropractic North,4.1,14,Chiropractor,,6120 Barnes Rd.,+1 719-550-1234,Opens Monday
https://www.facebook.com/DenverChiropracticLLC/,"Denver Chiropractic, LLC",4.9,58,Chiropractor,$$,"3890 Federal Blvd, Unit 1",+1 303-455-2225,Opens tomorrow
https://www.facebook.com/Chirotitan/,Titan Chiropractic,5.0,12,Chiropractor,$,2209 W. Wildcat Rsv. Pkwy. E-3,+1 720-515-9683,Opens Monday
https://www.facebook.com/RenewChiropractic1/,Renew Chiropractic,5.0,15,Chiropractor,,8015 West Alameda Avenue #270,+1 720-493-5885,Closes in 45 minutes
https://www.facebook.com/TheAdjustatorium/,The Adjustatorium,5.0,22,Chiropractor,,"1035 Pearl Street, Suite 334",+1 720-778-6929,Opens Monday
https://www.facebook.com/truebility/,Truebility Performance Clinic,5.0,21,Chiropractor,,2883 28th St Ste A,+1 303-442-4202,Opens Monday
https://www.facebook.com/denversouthchiropractor/,Denver South Chiropractic & Rehab,4.6,25,Chiropractor,$$,"1780 S Bellaire St, Ste 120",+1 303-757-7272,Opens tomorrow
https://www.facebook.com/DenverSportsMedicine/,Denver Sports Medicine,5.0,47,Chiropractor,,1360 S Wadsworth Blvd,+1 720-440-3979,Opens tomorrow
https://www.facebook.com/denversportsdoc/,Denver Sports Doc,5.0,20,Chiropractor,,3993 Elati St,+1 303-994-0301,Opens Monday
https://www.facebook.com/radixchiro/,Rādix Chiropractic,5.0,23,Chiropractor,$$,4347 Integrity Center Pt,+1 719-573-1007,Opens Monday
https://www.facebook.com/RowenhorstFamilyChiropractic/,Rowenhorst Family Chiropractic,5.0,20,Chiropractor,,"77 Erie Village Sq, Ste 150",+1 720-600-4661,Opens Monday
https://www.facebook.com/HighlandsRanchChiropractor/,Premier Chiropractic & Natural Medicine - Highlands Ranch Chiropractor,4.5,35,Chiropractor,,4004 Red Cedar Dr Unit C2,+1 303-346-4949,Opens Monday
https://www.facebook.com/Parkerperformanceclinic/,Parker Performance Clinic,5.0,20,Chiropractor,$$,10490 Dransfeldt Rd #100,+1 720-277-3808,Opens Monday
https://www.facebook.com/100percentchiropracticaurora/,100% Chiropractic Aurora,5.0,9,Chiropractor,,14261 E Cedar Ave Unit B,+1 303-367-3432,Opens Monday
https://www.facebook.com/GradyChiropractic/,Grady Chiropractic & Acupuncture,4.9,27,Chiropractor,,15352 E Ida Dr,+1 303-690-8822,Opens Monday
https://www.facebook.com/wholehealthspgs/,Whole Health Chiropractic,5.0,15,Chiropractor,,1779A S 8th St,Opens tomorrow,
https://www.facebook.com/gradyfamchiro/,Grady Family Chiropractic P.C.,5.0,21,Chiropractor,,26 W Dry Creek Circle Suite 600,+1 720-523-1293,Opens Monday
https://www.facebook.com/DrHelie/,Helie Chiropractic,4.9,19,Chiropractor,,"1885 W 120th Ave, # 500",+1 720-737-9573,Opens tomorrow
https://www.facebook.com/awakenchiroco/,Awaken Chiropractic,5.0,12,Chiropractor,,6208 E Pine ln,+1 720-432-5224,Opens Monday
https://www.facebook.com/mountainvalleyml/,Mountain Valley Family Chiropractic,5.0,14,Chiropractor,,"115 E Harmony Rd, Ste 200",+1 970-568-8024,Opens Monday
https://www.facebook.com/rejuvinnatechiropractic/,RejuvInnate Family Chiropractic,5.0,21,Chiropractor,,"7300 S Alton Way, Ste 5K",+1 303-975-6523,Opens tomorrow
https://www.facebook.com/vitalitywellnessstudio/,Vitality Wellness Studio,5.0,28,Chiropractor,,18 Garden Center,+1 708-374-3726,Open Now
https://www.facebook.com/barneschirocolorado/,Barnes Chiropractic,5.0,30,Chiropractor,,"6881 S Holly Cir, Ste 204",+1 720-985-0056,Opens Monday
https://www.facebook.com/kloorchiro/,Kloor Chiropractic & Wellness Center,4.7,28,Chiropractor,,7590 Sheridan Blvd,+1 303-426-1500,Opens tomorrow
https://www.facebook.com/Hassefamilychiropractic/,Hasse Family Chiropractic,4.9,26,Chiropractor,,"710 Kipling St, Ste 401",+1 303-304-1352,Opens Monday
https://www.facebook.com/digneyfamilychiropractic/,Digney Family Chiropractic,5.0,4,Chiropractor,,4190 N. Garfield Ave. #3,+1 970-541-0402,Opens Monday
https://www.facebook.com/ScottFamilyHealth/,Scott Family Health,4.6,44,Chiropractor,$$,1491 Denver Ave,+1 970-663-2225,Opens tomorrow
https://www.facebook.com/DrSteffensStapleton/,Dr. John Steffens- Stapleton Chiropractor,4.8,26,Chiropractor,$$,"3401 Quebec St, Ste 6700",+1 303-377-6137,Opens tomorrow
https://www.facebook.com/FreedomChiropractic/,Freedom Chiropractic,4.8,30,Chiropractor,,6210 Lehman Dr,+1 719-533-0303,Opens Monday
https://www.facebook.com/tvchiro/,"Thompson Valley Chiropractic, PC.",5.0,46,Chiropractor,,2180 W Eisenhower Blvd,+1 970-203-0597,Opens Monday
https://www.facebook.com/CoorWellness/,COOR Wellness,5.0,22,Chiropractor,,2140 N 12th Street,+1 970-712-6059,Opens Monday
https://www.facebook.com/integratedhealthsystems/,Integrated Health Systems,4.8,20,Chiropractor,,"3601 S Clarkson St, Ste 420",+1 303-781-5617,Opens Monday
https://www.facebook.com/activeperformchiro/,Active Performance Chiropractic LLC,5.0,31,Chiropractor,,6850 W 116th Ave,+1 720-984-1680,Opens tomorrow
https://www.facebook.com/OrganicLivingChiropractic/,Organic Living Chiropractic,5.0,20,Chiropractor,,1618 W Colorado Ave,+1 719-200-8615,Opens tomorrow
https://www.facebook.com/GoRevelation/,Revelation Chiropractic 970-377-2250,4.9,33,Chiropractor,,2721 S College Ave,+1 970-377-2250,Opens tomorrow
https://www.facebook.com/AtlasMedCenters/,Atlas Medical Center,,,Chiropractor,,"9362 Grand Cordera Parkway, Ste 120",+1 719-278-3612,Opens Monday
https://www.facebook.com/HighlandsSportandSpine/,Highlands Sport and Spine,5.0,18,Chiropractor,,3801 Osage St,+1 303-955-5994,Opens Monday
https://www.facebook.com/LovelandChiropracticAlign/,Align,4.9,47,Chiropractor,,4190 N Garfield Ave # 2,+1 970-663-2273,Opens Monday
https://www.facebook.com/connectedchiro/,Connected Chiropractic,4.6,23,Chiropractor,,32 Rutherford Ave,+1 970-587-7029,Opens Monday
https://www.facebook.com/pediatricchiropractordenver/,Pediatric Chiropractor Denver - Pearl Street Chiropractic,5.0,50,Chiropractor,$$,1073 S Pearl St,+1 303-777-0828,Opens Monday
https://www.facebook.com/hartmanchiropracticpc/,"Hartman Chiropractic, PC",5.0,26,Chiropractor,$,22775 E Aurora Pkwy,+1 303-680-2500,Opens Monday
https://www.facebook.com/availsofttissue/,Avail Soft Tissue & Spine,5.0,16,Chiropractor,,900 East Louisiana Avenue Suite 201,+1 303-909-7142,Opens Monday
https://www.facebook.com/warnerwellnesschiropractic/,Warner Wellness Chiropractic,5.0,16,Chiropractor,,"421 S Tejon St, Ste 120",+1 719-574-5500,Opens Monday
https://www.facebook.com/CompassChiropracticLafayetteCO/,"Compass Chiropractic - Lafayette, CO",5.0,39,Chiropractor,$,1365 Forest Park Circle Ste. 102,+1 303-955-5208,Opens Monday
https://www.facebook.com/100ChiroHR/,Dr. Matt & Dr. Jessica Thompson - 100% Chiropractic Highlands Ranch,4.8,25,Chiropractor,$$,"2030 E County Line Rd, Ste G",+1 303-347-1007,Opens Monday
https://www.facebook.com/AltaVistaChiro/,Chiropractors Colorado Springs Spine & Injury Clinic,4.8,18,Chiropractor,$$,405 Windchime Pl,+1 719-598-6955,Opens Monday
https://www.facebook.com/5280BalancedHealthCenter/,5280 Balanced Health Center,5.0,17,Chiropractor,$,"5690 DTC Blvd, Ste 140E",+1 303-915-7997,Opens tomorrow
https://www.facebook.com/ChiroNowBroomfieldCo/,Chiro Now of Broomfield,4.9,36,Chiropractor,,6811 W 120th Ave,+1 303-469-1535,Opens tomorrow
https://www.facebook.com/powellchiropracticinc/,Powell Chiropractic & Wellness Center,5.0,28,Chiropractor,,490 Rampart Range Rd,+1 719-687-6096,Opens Monday
https://www.facebook.com/ChiropractorCentennial/,Campbell Chiropractic,4.8,21,Chiropractor,$$,"6551 S Revere Pkwy, #110",+1 720-708-2275,Opens tomorrow
https://www.facebook.com/Keeney-Chiropractic-PC-285006323594/,"Keeney Chiropractic, P.C.",4.9,18,Chiropractor,$,6200 W 9th St #2A,+1 970-353-0337,Opens Monday
https://www.facebook.com/MileHighSpine/,Mile High Spine and Pain Center,4.9,22,Chiropractor,,2205 W 136th Ave,+1 720-507-0080,
https://www.facebook.com/ColoradoHealthAndWellness/,Colorado Health and Wellness,4.8,25,Chiropractor,,1231 Lake Plaza Dr,+1 719-576-2225,Opens Monday
https://www.facebook.com/broomfieldchiropractor/,"Dr Nicholas Manteris, DC",5.0,5,Chiropractor,,"2095 W. 6th Ave, Suite 105",+1 720-508-3982,Opens Monday
https://www.facebook.com/sicentergj/,Spine & Injury Center of Grand Junction,4.6,38,Chiropractor,$$,"2646 Patterson Rd, Ste A",+1 970-248-9833,Opens Monday
https://www.facebook.com/washparkchiro/,Washington Park Chiropractic,4.8,52,Chiropractor,,1313 S Clarkson St Ste 1,+1 303-744-7100,Opens tomorrow
https://www.facebook.com/lifefitchiropractic/,Life Fit Chiropractic,5.0,19,Chiropractor,$,"4740 Flintridge Dr, Ste 216",+1 720-400-6337,Opens tomorrow
https://www.facebook.com/DrJenHartley/,Dr. Jen Hartley,5.0,26,Chiropractor,$$$,6650 W. 44th Ave,+1 720-524-3477,Opens Monday